t_start, t_end, ve
1, 1, 68.27794561933533
2, 4, 68.27794561933533
5, 9, 56.193353474320226
10, 10, 48.33836858006042
