t_start, t_end, ve
2, 4, 62.53776435045316
5, 9, 48.33836858006042
10, 14, 31.722054380664655
15, 19, 16.314199395770387
20, 24, 7.552870090634448